STUD_IDSTUD_F_NAMESTUD_M_NAMESTUD_L_NAMESTUD_ROLLNOSTUD_STREETSTUD_CITYSTUD_STATESTUD_COUNTRYSTUD_ZIPSTUD_PHONESTUD_EMAILCREATED_DATEEND_DATE,2001Venkatsai sathviKuna78GSA,Tir NagarTirupatiAPIndia517501987-654-3210satsus@gmail.com2025-04-07,2002SushmithapnR19MSR,BLR NagarBengaluruKAIndia560045123-456-7890sush123s@gmail.com2025-04-07,2003KarthikK76VIA,BZ StreetVijayawadaAPIndia504207123-456-7889mah456@gmail.com2025-04-07,2004RohitkumarSingh45APT 3,MGR RoadHyderabadTSIndia500001998-877-6655rohit@gmail.com2025-04-07,2005MeeralakshmiR32APT 5,Anna SalaiChennaiTNIndia600002987-650-4321meera@gmail.com2025-04-07,2006ArjunpratapVerma54APT 7,Park StreetKolkataWBIndia700001876-543-2109arjun@gmail.com2025-04-07,2007DivyaNair81APT 9,MG RoadMumbaiMHIndia400001765-432-1098divya@gmail.com2025-04-07,2008NitinjosephMathew99APT 12,Brigade RoadBangaloreKAIndia560025654-321-0987nitin@gmail.com2025-04-07,2009PoojaanandSharma65APT 14,Lajpat NagarDelhiDLIndia110024543-210-9876pooja@gmail.com2025-04-07,2010AnkitvinodPatel73APT 16,Gandhi StreetAhmedabadGJIndia380001432-109-8765ankit@gmail.com2025-04-07,2011NehaKapoor28APT 18,Connaught PlaceDelhiDLIndia110001321-098-7654neha@gmail.com2025-04-07,2012SuryarajM58APT 20,Baner RoadPuneMHIndia411007210-987-6543surya@gmail.com2025-04-07,2013PriyavenkatRao47APT 22,Jubilee HillsHyderabadTSIndia500033109-876-5432priya@gmail.com2025-04-07,2014RahuldevSharma39APT 24,Church StreetBangaloreKAIndia560001198-765-4321rahul@gmail.com2025-04-07,2015SneharaniDas100APT 26,Gariahat RoadKolkataWBIndia700019298-765-4321sneha@gmail.com2025-04-07,2016ManojbalaKumar24APT 28,Vashi RoadNavi MumbaiMHIndia400703398-765-4321manoj@gmail.com2025-04-07,2017HariniGopal11APT 30,MarathahalliBangaloreKAIndia560037498-765-4321harini@gmail.com2025-04-07,2018KiranreddyP15APT 32,RTC X RoadsHyderabadTSIndia500020598-765-4321kiran@gmail.com2025-04-07,2019VishalRana53APT 34,MG RoadIndoreMPIndia452001698-765-4321vishal@gmail.com2025-04-07,2020AyeshabegumS46APT 36,CharminarHyderabadTSIndia500002798-765-4321ayesha@gmail.com2025-04-07,2021SandeepMishra12APT 38,DLF Phase 1GurgaonHRIndia122002898-765-4321sandeep@gmail.com2025-04-07,2022ShreyakJoshi29APT 40,NavrangpuraAhmedabadGJIndia380009908-765-4321shreya@gmail.com2025-04-07,2023VarunarjunT59APT 42,AliganjLucknowUPIndia226024678-905-4321varun@gmail.com2025-04-07,2024IshitaraviDesai82APT 44,ShivajinagarPuneMHIndia411005567-890-1234ishita@gmail.com2025-04-07,2025RahulYadav90APT 46,South ExtensionDelhiDLIndia110049456-789-0123rahulydv@gmail.com2025-04-07,2026TanmaypratapSen33APT 48,BehalaKolkataWBIndia700034345-678-9012tanmay@gmail.com2025-04-07,2027NidhimanishGupta88APT 50,JP NagarBangaloreKAIndia560078234-567-8901nidhi@gmail.com2025-04-07,2028TarunRajput61APT 52,MiyapurHyderabadTSIndia500049123-456-7890tarun@gmail.com2025-04-07,2029LavanyasatishR43APT 54,VijayanagarMysoreKAIndia570017789-012-3456lavanya@gmail.com2025-04-07,2030BhavanaanilPatil31APT 56,Electronic CityBangaloreKAIndia560100678-901-2345bhavana@gmail.com2025-04-07,2031MohitTiwari77APT 58,Noida Sector 15NoidaUPIndia201301567-890-1234mohit@gmail.com2025-04-07,2032YaminisanjayM66APT 60,AmbatturChennaiTNIndia600053456-789-0123yamini@gmail.com2025-04-07,2033PranavarvindP98APT 62,NungambakkamChennaiTNIndia600034345-678-9012pranav@gmail.com2025-04-07,2034KeerthiraviShankar16APT 64,Malad WestMumbaiMHIndia400064234-567-8901keerthi@gmail.com2025-04-07,2035RohankumarD71APT 66,Koregaon ParkPuneMHIndia411001123-456-7890rohan@gmail.com2025-04-07,2036VarshanMenon55APT 68,Sarjapur RoadBangaloreKAIndia560035789-012-3456varsha@gmail.com2025-04-07,2037ChiragdevP26APT 70,AnnanagarChennaiTNIndia600040678-901-2345chirag@gmail.com2025-04-07,2038PallavikSharma14APT 72,Park StreetKolkataWBIndia700016567-890-1234pallavi@gmail.com2025-04-07,2039Akashb101APT 74,Sector 62NoidaUPIndia201309456-789-0123akash@gmail.com2025-04-07,2040ReshmamNair50APT 76,Indira NagarBangaloreKAIndia560038345-678-9012reshma@gmail.com2025-04-07,2041GauravvenkatR67APT 78,BorivaliMumbaiMHIndia400092234-567-8901gaurav@gmail.com2025-04-07,2042Meghanas48APT 80,Shanthi ColonyChennaiTNIndia600041123-456-7890meghana@gmail.com2025-04-07,2043ShivaniarunKumar102APT 82,MG RoadBangaloreKAIndia560001123-456-7899shivani@gmail.com2025-04-07,2044AdityarajSharma83APT 84,Brigade RoadMumbaiMHIndia400002987-654-3211aditya@gmail.com2025-04-07,2045PraveenkishorePatel85APT 86,Park StreetKolkataWBIndia700003876-543-2108pavan@gmail.com2025-04-07,2046SnehallakshmiNair87APT 88,Connaught PlaceDelhiDLIndia110002765-432-1097snehal@gmail.com2025-04-07,2047RakeshdevVerma89APT 90,Anna SalaiChennaiTNIndia600003654-321-0986rakesh@gmail.com2025-04-07,2048SoniabalaKumar91APT 92,Vashi RoadNavi MumbaiMHIndia400704543-210-9875sonia@gmail.com2025-04-07,2049KaranvenkatReddy93APT 94,Jubilee HillsHyderabadTSIndia500034432-109-8764karan@gmail.com2025-04-07,2050AaravarjunMenon95APT 96,ShivajinagarPuneMHIndia411006321-098-7653aarav@gmail.com2025-04-07,